{"k": 5.5846283916943265e-08, "volumes": [44893400741.55632, 64679746690.260666, 68148710219.64657, 51024971193.72126, 73215294730.85812, 83961547394.22638, 94495160078.40192, 101429133001.92683]}