{"k": 3.381301601904653e-07, "volumes": [7714787671.620658, 10827607775.018488, 11386066090.427952, 8727556785.077366, 12151728047.459793, 13811160822.109722, 15402850655.085472, 16428582264.718138]}