{"start": [-189.0502805505126, -7.881925823874665], "end": [-189.3587632018422, -15.233364543874254], "turn_length": 3.1456865360757766}