{"start": [6476.82178779593, -5635.170416226293], "end": [6476.942613972551, -5632.41032489834], "turn_length": 1.3808467767020798}