{"start": [6483.916606412448, -5618.663464011807], "end": [6494.959946518966, -5618.5140762628935], "turn_length": 1.093122648748609}