{"start": [6479.775163702891, -5639.8321762186015], "end": [6482.68822786305, -5638.892963057254], "turn_length": 1.010833097924623}