{"start": [6484.009357709826, -5626.597361419796], "end": [6483.608949570501, -5641.930749858], "turn_length": 2.05076976542262}