{"start": [-191.1738049740678, 3.0337913282975664], "end": [-191.39466697452366, -8.0814815447851], "turn_length": 1.1650460766902981}