{"start": [-188.36899662548268, 2.979304581946471], "end": [-188.7527088516262, -6.280053783890159], "turn_length": 2.757998628242933}