{"start": [6517.021180269294, -5619.387590458553], "end": [6517.86886868401, -5625.288374111081], "turn_length": 2.96756738800695}