{
    "waypoints": [
      {
        "aFromB": {
          "rotation": {
            "unitQuaternion": {
              "imag": {
                "z": 0.09116213111019585
              },
              "real": 0.9958360637431481
            }
          },
          "translation": {
            "x": 1.859578344221631e-19,
            "y": 1.6716492876155582e-20
          }
        },
        "frameA": "world",
        "frameB": "robot",
        "tangentOfBInA": {
          "linearVelocity": {
            "x": 2.4050534031677996e-18
          },
          "angularVelocity": {
            "z": 0.0001008307000554051
          }
        }
      }
    ]
  }
  